0,paragraph,0
27.680,paragraph,1
37.650,paragraph,2
50.540,paragraph,3
65.150,paragraph,4
74.580,paragraph,5
91.930,paragraph,6
111.430,paragraph,7
126.630,paragraph,8
137.500,paragraph,9
152.460,paragraph,10
185.830,paragraph,11
205.280,paragraph,12
232.970,paragraph,13
258.260,paragraph,14
317.280,paragraph,15
335.360,paragraph,16
SECTION
0,emotion,0
1.920,emotion,1
4.470,emotion,7
5.390,emotion,8
7.890,emotion,0
9.440,emotion,7
13.710,emotion,2
15.900,emotion,8
17.050,emotion,0
18.110,emotion,5
20.350,emotion,7
22.130,emotion,2
23.450,emotion,0
25.380,emotion,5
27.680,emotion,7
30.280,emotion,4
32.450,emotion,5
34.250,emotion,7
37.650,emotion,0
39.420,emotion,8
42.730,emotion,7
46.660,emotion,0
47.680,emotion,5
50.540,emotion,0
53.320,emotion,7
55.440,emotion,4
59.010,emotion,0
60.760,emotion,4
63.990,emotion,8
65.150,emotion,7
70.130,emotion,0
72.290,emotion,8
74.580,emotion,2
78.480,emotion,0
80.510,emotion,0
82.170,emotion,7
83.510,emotion,8
89.980,emotion,1
91.930,emotion,0
95.170,emotion,7
96.680,emotion,5
97.500,emotion,4
102.330,emotion,4
103.430,emotion,0
105.130,emotion,0
107.850,emotion,0
111.430,emotion,7
115.240,emotion,2
118.070,emotion,4
119.630,emotion,7
122.210,emotion,0
123.530,emotion,5
124.900,emotion,7
126.630,emotion,0
129.680,emotion,7
131.920,emotion,4
133.780,emotion,0
135.470,emotion,7
137.500,emotion,7
140.020,emotion,0
141.480,emotion,2
143.320,emotion,7
146.520,emotion,1
148.850,emotion,0
152.460,emotion,7
154.700,emotion,8
157.850,emotion,1
161.550,emotion,7
164.630,emotion,5
167.940,emotion,7
173.860,emotion,3
175.960,emotion,0
179.320,emotion,7
185.830,emotion,0
188.240,emotion,7
200.590,emotion,0
202.020,emotion,7
205.280,emotion,7
207.550,emotion,0
211.590,emotion,1
215.410,emotion,0
219.340,emotion,5
220.500,emotion,7
223.410,emotion,2
224.710,emotion,3
227.590,emotion,5
230.680,emotion,4
231.460,emotion,5
232.970,emotion,8
234.600,emotion,2
237.510,emotion,0
240.030,emotion,4
242.260,emotion,5
244.400,emotion,4
247.330,emotion,7
248.740,emotion,0
253.320,emotion,2
258.260,emotion,0
260.300,emotion,7
260.950,emotion,3
262.790,emotion,0
265.870,emotion,5
269.680,emotion,3
272.250,emotion,5
275.310,emotion,7
278.390,emotion,2
281.400,emotion,5
286.510,emotion,3
287.990,emotion,4
290.960,emotion,7
292.400,emotion,2
293.530,emotion,0
296.120,emotion,5
298.500,emotion,7
300.870,emotion,8
304.130,emotion,7
305.670,emotion,0
307.160,emotion,5
309.500,emotion,7
311.900,emotion,8
315.570,emotion,3
317.280,emotion,8
319.210,emotion,7
320.240,emotion,1
323.390,emotion,0
324.670,emotion,8
326.330,emotion,7
328.350,emotion,1
330.200,emotion,0
333.460,emotion,8
335.360,emotion,1
335.780,emotion,1
336.550,emotion,8
338.290,emotion,7
340.710,emotion,8
SECTION
0,image,0
4.470,image,1
7.890,image,2
13.710,image,3
17.050,image,4
24.160,image,5
27.680,image,7
30.280,image,8
36.510,image,9
37.650,image,11
41.380,image,12
42.730,image,13
48.470,image,14
50.540,image,16
59.010,image,17
60.760,image,18
65.150,image,20
72.290,image,21
74.580,image,23
78.480,image,24
80.510,image,25
87.330,image,26
91.930,image,28
94.250,image,29
102.330,image,30
105.550,image,31
106.950,image,32
109.380,image,33
111.430,image,35
115.240,image,36
119.630,image,37
123.530,image,38
126.630,image,40
131.920,image,41
134.760,image,42
135.770,image,43
137.500,image,45
143.320,image,46
146.520,image,47
148.850,image,48
152.460,image,50
154.700,image,51
157.850,image,52
167.940,image,53
173.860,image,54
175.960,image,55
181.290,image,56
182.280,image,57
183.490,image,58
184.640,image,59
185.830,image,61
191.650,image,62
194.570,image,63
195.980,image,64
198.180,image,65
200.590,image,66
205.280,image,68
207.550,image,69
215.410,image,70
219.340,image,71
224.710,image,72
231.460,image,73
232.970,image,75
240.030,image,76
247.330,image,77
253.320,image,78
258.260,image,80
260.950,image,81
269.680,image,82
275.310,image,83
278.390,image,84
287.990,image,85
304.130,image,86
311.900,image,87
317.280,image,89
319.210,image,90
323.390,image,91
324.670,image,92
326.330,image,93
335.360,image,95
SECTION
0.000,pose,1
4.470,pose,0
5.390,pose,2
7.890,pose,1
13.710,pose,0
15.900,pose,2
17.050,pose,1
22.130,pose,0
24.160,pose,2
27.680,pose,1
30.280,pose,0
34.250,pose,2
36.510,pose,1
37.650,pose,0
41.380,pose,2
42.730,pose,1
46.660,pose,0
47.680,pose,2
48.470,pose,1
50.540,pose,0
53.320,pose,2
59.010,pose,1
60.760,pose,0
63.990,pose,2
65.150,pose,1
70.130,pose,0
72.290,pose,2
74.580,pose,1
78.480,pose,0
80.510,pose,2
82.170,pose,1
83.510,pose,0
85.770,pose,2
87.330,pose,1
91.930,pose,0
94.250,pose,2
96.680,pose,1
97.500,pose,0
102.330,pose,2
105.130,pose,1
105.550,pose,0
106.950,pose,2
109.380,pose,1
111.430,pose,0
115.240,pose,2
118.070,pose,1
119.630,pose,0
123.530,pose,2
126.630,pose,1
129.680,pose,0
131.920,pose,2
133.780,pose,1
134.760,pose,0
135.770,pose,2
137.500,pose,1
140.020,pose,0
141.480,pose,2
143.320,pose,1
146.520,pose,0
148.850,pose,2
152.460,pose,1
154.700,pose,0
157.850,pose,2
161.550,pose,1
164.630,pose,0
167.940,pose,2
173.860,pose,1
175.960,pose,0
181.290,pose,2
182.280,pose,1
183.490,pose,0
184.640,pose,2
185.830,pose,1
188.240,pose,0
191.650,pose,2
194.570,pose,1
195.980,pose,0
198.180,pose,2
200.590,pose,1
205.280,pose,0
207.550,pose,2
211.590,pose,1
215.410,pose,0
219.340,pose,2
220.500,pose,1
223.410,pose,0
224.710,pose,2
227.590,pose,1
231.460,pose,0
232.970,pose,2
234.600,pose,1
240.030,pose,0
242.260,pose,2
244.400,pose,1
247.330,pose,0
253.320,pose,2
258.260,pose,1
260.300,pose,0
260.950,pose,2
262.790,pose,1
265.870,pose,0
269.680,pose,2
272.250,pose,1
275.310,pose,0
278.390,pose,2
281.400,pose,1
287.990,pose,0
290.960,pose,2
293.530,pose,1
296.120,pose,0
298.500,pose,2
304.130,pose,1
307.160,pose,0
311.900,pose,2
315.570,pose,1
317.280,pose,0
319.210,pose,2
320.240,pose,1
323.390,pose,0
324.670,pose,2
326.330,pose,1
330.200,pose,0
335.360,pose,2
335.780,pose,1
336.550,pose,0
338.290,pose,2
SECTION
0,phoneme,m
1.920,phoneme,u
2.130,phoneme,a
2.260,phoneme,t
2.840,phoneme,a
2.915,phoneme,u
2.990,phoneme,t
3.040,phoneme,a
3.090,phoneme,t
3.220,phoneme,a
3.260,phoneme,m
3.330,phoneme,t
3.450,phoneme,u
3.470,phoneme,a
3.515,phoneme,y
3.560,phoneme,m
3.640,phoneme,u
3.710,phoneme,t
4.470,phoneme,u
4.640,phoneme,a
4.770,phoneme,u
5.390,phoneme,m
5.540,phoneme,t
5.590,phoneme,a
5.650,phoneme,m
5.720,phoneme,t
5.800,phoneme,a
5.855,phoneme,u
5.910,phoneme,f
6.010,phoneme,a
6.070,phoneme,u
6.170,phoneme,f
6.220,phoneme,u
6.280,phoneme,m
6.390,phoneme,t
6.450,phoneme,a
6.620,phoneme,t
7.890,phoneme,a
7.920,phoneme,y
7.960,phoneme,t
8.050,phoneme,a
8.060,phoneme,t
8.200,phoneme,a
8.250,phoneme,t
8.310,phoneme,a
8.370,phoneme,y
8.420,phoneme,a
8.470,phoneme,m
8.510,phoneme,u
8.560,phoneme,a
8.575,phoneme,y
8.590,phoneme,t
8.680,phoneme,a
8.750,phoneme,t
8.820,phoneme,m
8.860,phoneme,a
8.905,phoneme,y
9.010,phoneme,t
9.120,phoneme,a
9.165,phoneme,u
9.210,phoneme,t
9.440,phoneme,a
9.540,phoneme,m
9.570,phoneme,t
9.600,phoneme,a
9.650,phoneme,t
9.700,phoneme,a
9.770,phoneme,t
9.820,phoneme,a
9.850,phoneme,y
9.880,phoneme,t
9.930,phoneme,a
9.980,phoneme,t
10.060,phoneme,u
10.140,phoneme,a
10.170,phoneme,m
10.480,phoneme,a
10.550,phoneme,t
10.650,phoneme,a
10.780,phoneme,y
10.870,phoneme,t
10.930,phoneme,a
10.970,phoneme,u
11.070,phoneme,a
11.180,phoneme,y
11.370,phoneme,t
11.430,phoneme,a
11.480,phoneme,u
11.500,phoneme,a
11.580,phoneme,u
11.630,phoneme,a
11.670,phoneme,t
11.730,phoneme,a
11.790,phoneme,y
11.870,phoneme,t
12.000,phoneme,a
12.050,phoneme,u
12.090,phoneme,t
12.150,phoneme,a
12.200,phoneme,t
13.710,phoneme,a
13.720,phoneme,m
14.460,phoneme,t
14.470,phoneme,a
14.510,phoneme,t
14.610,phoneme,a
14.670,phoneme,t
14.730,phoneme,f
14.790,phoneme,a
14.800,phoneme,u
15.900,phoneme,m
16.030,phoneme,u
16.120,phoneme,f
16.180,phoneme,a
16.210,phoneme,t
17.050,phoneme,m
17.250,phoneme,y
17.260,phoneme,a
17.300,phoneme,u
17.370,phoneme,a
17.405,phoneme,u
17.440,phoneme,y
17.480,phoneme,t
17.560,phoneme,m
17.620,phoneme,a
17.830,phoneme,y
18.110,phoneme,y
18.240,phoneme,a
18.320,phoneme,t
18.440,phoneme,y
18.510,phoneme,u
18.550,phoneme,m
18.570,phoneme,a
18.610,phoneme,y
18.650,phoneme,t
18.710,phoneme,a
18.750,phoneme,t
18.870,phoneme,y
18.920,phoneme,a
18.945,phoneme,y
18.970,phoneme,f
19.020,phoneme,a
19.060,phoneme,t
19.070,phoneme,y
19.110,phoneme,u
19.180,phoneme,a
19.195,phoneme,u
19.210,phoneme,t
19.260,phoneme,m
19.290,phoneme,a
19.335,phoneme,y
19.380,phoneme,a
19.430,phoneme,y
19.480,phoneme,t
19.530,phoneme,a
19.540,phoneme,t
19.640,phoneme,a
19.690,phoneme,t
19.760,phoneme,f
19.770,phoneme,a
19.810,phoneme,t
19.860,phoneme,a
19.895,phoneme,y
19.930,phoneme,a
20.000,phoneme,u
20.350,phoneme,m
20.450,phoneme,y
20.560,phoneme,a
20.605,phoneme,y
20.650,phoneme,t
20.830,phoneme,a
20.940,phoneme,y
21.110,phoneme,a
21.170,phoneme,t
21.180,phoneme,a
21.240,phoneme,f
21.270,phoneme,t
21.350,phoneme,a
21.405,phoneme,y
21.460,phoneme,m
21.540,phoneme,t
22.130,phoneme,t
22.300,phoneme,u
22.390,phoneme,m
22.430,phoneme,a
22.460,phoneme,t
22.510,phoneme,a
22.540,phoneme,y
22.570,phoneme,t
22.640,phoneme,a
22.695,phoneme,y
22.750,phoneme,m
22.830,phoneme,t
23.250,phoneme,a
23.290,phoneme,t
23.380,phoneme,a
23.415,phoneme,y
23.450,phoneme,a
23.530,phoneme,t
23.610,phoneme,m
23.640,phoneme,a
23.710,phoneme,t
23.800,phoneme,y
23.860,phoneme,a
23.895,phoneme,y
23.990,phoneme,a
24.030,phoneme,y
24.070,phoneme,t
24.160,phoneme,m
24.210,phoneme,a
24.230,phoneme,y
24.280,phoneme,t
24.340,phoneme,a
24.365,phoneme,y
24.390,phoneme,m
24.450,phoneme,y
24.500,phoneme,a
24.530,phoneme,y
24.560,phoneme,u
24.620,phoneme,t
24.680,phoneme,a
24.725,phoneme,y
24.770,phoneme,m
24.840,phoneme,t
25.380,phoneme,t
25.480,phoneme,u
25.540,phoneme,a
25.580,phoneme,t
25.660,phoneme,m
25.710,phoneme,a
25.750,phoneme,y
25.790,phoneme,t
25.830,phoneme,a
25.920,phoneme,t
25.950,phoneme,a
26.010,phoneme,t
26.040,phoneme,a
26.110,phoneme,m
26.190,phoneme,a
26.240,phoneme,u
26.270,phoneme,t
26.320,phoneme,a
26.330,phoneme,t
26.410,phoneme,y
26.460,phoneme,a
26.485,phoneme,y
26.510,phoneme,t
26.570,phoneme,u
26.750,phoneme,m
27.680,phoneme,t
27.770,phoneme,a
27.810,phoneme,u
27.860,phoneme,a
27.870,phoneme,t
27.910,phoneme,a
27.990,phoneme,t
28.050,phoneme,m
28.130,phoneme,u
28.185,phoneme,a
28.240,phoneme,t
28.420,phoneme,a
28.475,phoneme,y
28.530,phoneme,t
28.620,phoneme,a
28.670,phoneme,u
28.700,phoneme,t
28.780,phoneme,a
28.790,phoneme,t
28.940,phoneme,a
28.970,phoneme,u
29.000,phoneme,t
29.050,phoneme,a
29.090,phoneme,t
29.140,phoneme,u
29.180,phoneme,a
29.210,phoneme,t
29.410,phoneme,u
29.470,phoneme,a
29.540,phoneme,t
30.280,phoneme,a
30.390,phoneme,y
30.500,phoneme,a
30.840,phoneme,m
31.020,phoneme,y
31.070,phoneme,a
31.100,phoneme,f
31.150,phoneme,a
31.180,phoneme,t
31.250,phoneme,a
31.280,phoneme,y
31.310,phoneme,m
31.370,phoneme,a
31.430,phoneme,m
31.500,phoneme,u
31.560,phoneme,a
31.585,phoneme,y
31.610,phoneme,t
31.660,phoneme,a
31.730,phoneme,f
31.800,phoneme,a
31.850,phoneme,t
31.980,phoneme,a
32.035,phoneme,y
32.090,phoneme,m
32.170,phoneme,a
32.220,phoneme,y
32.270,phoneme,t
32.450,phoneme,a
32.500,phoneme,y
32.550,phoneme,u
32.600,phoneme,a
32.670,phoneme,t
32.940,phoneme,m
32.960,phoneme,t
33.020,phoneme,a
33.070,phoneme,f
33.110,phoneme,m
33.140,phoneme,a
33.170,phoneme,y
33.200,phoneme,a
33.250,phoneme,m
33.310,phoneme,u
33.380,phoneme,a
33.425,phoneme,y
33.470,phoneme,t
34.250,phoneme,a
34.370,phoneme,y
34.460,phoneme,a
34.490,phoneme,y
34.520,phoneme,t
34.620,phoneme,a
34.665,phoneme,u
34.710,phoneme,a
34.780,phoneme,t
34.870,phoneme,a
34.890,phoneme,t
34.990,phoneme,a
35.070,phoneme,t
35.160,phoneme,m
35.210,phoneme,a
35.240,phoneme,u
35.320,phoneme,t
35.430,phoneme,a
35.440,phoneme,t
35.450,phoneme,a
35.490,phoneme,t
35.600,phoneme,u
35.650,phoneme,a
35.710,phoneme,t
35.800,phoneme,a
35.820,phoneme,t
35.860,phoneme,m
36.510,phoneme,t
36.550,phoneme,a
36.590,phoneme,t
36.640,phoneme,u
36.710,phoneme,t
36.820,phoneme,a
36.910,phoneme,f
36.970,phoneme,u
37.020,phoneme,t
37.110,phoneme,a
37.265,phoneme,y
37.420,phoneme,m
37.650,phoneme,a
37.750,phoneme,f
37.810,phoneme,t
37.880,phoneme,u
37.940,phoneme,a
38.020,phoneme,f
38.090,phoneme,y
38.150,phoneme,u
38.190,phoneme,m
38.260,phoneme,a
38.320,phoneme,t
38.500,phoneme,a
38.560,phoneme,f
38.630,phoneme,y
38.700,phoneme,u
38.740,phoneme,t
38.770,phoneme,a
38.810,phoneme,t
39.030,phoneme,u
39.090,phoneme,a
39.170,phoneme,t
39.420,phoneme,a
39.455,phoneme,y
39.490,phoneme,u
39.540,phoneme,a
39.600,phoneme,t
39.680,phoneme,u
39.730,phoneme,a
39.780,phoneme,t
39.820,phoneme,a
39.870,phoneme,y
39.920,phoneme,f
39.980,phoneme,u
40.070,phoneme,t
40.090,phoneme,a
40.140,phoneme,t
40.200,phoneme,a
40.260,phoneme,t
40.400,phoneme,y
40.450,phoneme,a
40.530,phoneme,f
40.550,phoneme,a
40.580,phoneme,y
40.760,phoneme,m
41.380,phoneme,t
41.510,phoneme,a
41.560,phoneme,y
41.610,phoneme,m
41.720,phoneme,a
41.765,phoneme,y
41.810,phoneme,t
41.900,phoneme,u
42.100,phoneme,m
42.730,phoneme,a
42.810,phoneme,y
42.890,phoneme,t
42.980,phoneme,a
43.040,phoneme,t
43.170,phoneme,a
43.240,phoneme,t
43.280,phoneme,a
43.320,phoneme,t
43.400,phoneme,y
43.440,phoneme,a
43.510,phoneme,y
43.560,phoneme,a
43.590,phoneme,t
43.650,phoneme,a
43.695,phoneme,y
43.740,phoneme,t
43.900,phoneme,a
43.925,phoneme,u
43.950,phoneme,a
43.980,phoneme,y
44.010,phoneme,t
44.070,phoneme,a
44.120,phoneme,t
44.210,phoneme,a
44.235,phoneme,y
44.260,phoneme,t
44.300,phoneme,a
44.350,phoneme,t
44.440,phoneme,a
44.490,phoneme,m
44.540,phoneme,a
44.565,phoneme,y
44.590,phoneme,t
44.660,phoneme,m
44.710,phoneme,a
44.735,phoneme,y
44.760,phoneme,t
44.850,phoneme,a
44.880,phoneme,y
44.910,phoneme,m
44.960,phoneme,a
45.030,phoneme,m
45.090,phoneme,a
45.115,phoneme,u
45.140,phoneme,t
45.260,phoneme,a
45.380,phoneme,t
46.660,phoneme,t
46.790,phoneme,m
46.840,phoneme,u
46.925,phoneme,a
47.010,phoneme,y
47.020,phoneme,u
47.110,phoneme,a
47.120,phoneme,y
47.200,phoneme,u
47.290,phoneme,t
47.680,phoneme,a
47.725,phoneme,y
47.770,phoneme,t
47.830,phoneme,a
47.890,phoneme,f
47.950,phoneme,u
48.000,phoneme,m
48.060,phoneme,a
48.095,phoneme,y
48.130,phoneme,t
48.140,phoneme,a
48.180,phoneme,t
48.230,phoneme,m
48.290,phoneme,a
48.380,phoneme,t
48.470,phoneme,m
48.530,phoneme,a
48.600,phoneme,t
48.640,phoneme,a
48.670,phoneme,t
48.710,phoneme,m
48.750,phoneme,a
48.780,phoneme,y
48.810,phoneme,m
48.870,phoneme,a
49.030,phoneme,t
50.540,phoneme,t
50.650,phoneme,a
50.700,phoneme,t
50.860,phoneme,a
50.960,phoneme,m
51.090,phoneme,u
51.160,phoneme,a
51.210,phoneme,t
51.410,phoneme,a
51.470,phoneme,t
51.580,phoneme,u
51.700,phoneme,a
51.765,phoneme,y
51.830,phoneme,u
51.910,phoneme,a
51.970,phoneme,t
52.050,phoneme,a
52.110,phoneme,m
52.170,phoneme,t
52.310,phoneme,a
52.410,phoneme,f
52.480,phoneme,a
52.570,phoneme,u
52.660,phoneme,a
53.320,phoneme,a
53.370,phoneme,y
53.470,phoneme,a
53.520,phoneme,t
53.670,phoneme,u
53.725,phoneme,a
53.780,phoneme,t
53.940,phoneme,a
53.980,phoneme,m
54.040,phoneme,t
54.090,phoneme,a
54.130,phoneme,t
54.260,phoneme,a
54.320,phoneme,y
54.370,phoneme,t
54.540,phoneme,a
54.580,phoneme,u
54.620,phoneme,t
54.680,phoneme,u
54.760,phoneme,m
55.170,phoneme,u
55.250,phoneme,a
55.300,phoneme,t
55.350,phoneme,a
55.400,phoneme,t
55.440,phoneme,m
55.510,phoneme,a
55.540,phoneme,y
55.570,phoneme,t
55.620,phoneme,a
55.670,phoneme,t
55.720,phoneme,y
55.790,phoneme,a
55.825,phoneme,y
55.860,phoneme,t
55.930,phoneme,a
56.000,phoneme,t
56.230,phoneme,a
56.400,phoneme,m
56.460,phoneme,a
56.510,phoneme,t
56.620,phoneme,y
56.690,phoneme,a
56.725,phoneme,y
56.760,phoneme,t
56.860,phoneme,y
56.950,phoneme,a
57.000,phoneme,m
57.130,phoneme,t
57.210,phoneme,a
57.240,phoneme,y
57.270,phoneme,t
57.320,phoneme,a
57.370,phoneme,t
57.480,phoneme,a
57.540,phoneme,t
57.610,phoneme,y
57.650,phoneme,a
57.680,phoneme,u
57.710,phoneme,t
57.740,phoneme,a
57.800,phoneme,t
57.890,phoneme,a
57.955,phoneme,u
58.020,phoneme,t
59.010,phoneme,a
59.065,phoneme,y
59.200,phoneme,u
59.260,phoneme,t
59.310,phoneme,a
59.350,phoneme,m
59.400,phoneme,a
59.460,phoneme,t
59.470,phoneme,a
59.520,phoneme,f
59.590,phoneme,t
59.670,phoneme,a
59.760,phoneme,f
59.840,phoneme,a
60.050,phoneme,t
60.150,phoneme,a
60.190,phoneme,t
60.330,phoneme,a
60.390,phoneme,t
60.530,phoneme,a
60.620,phoneme,y
60.680,phoneme,t
60.760,phoneme,m
61.580,phoneme,u
61.590,phoneme,a
61.640,phoneme,u
61.650,phoneme,y
61.700,phoneme,u
61.760,phoneme,y
61.800,phoneme,a
61.830,phoneme,y
61.860,phoneme,t
62.120,phoneme,a
62.200,phoneme,u
62.280,phoneme,t
62.400,phoneme,m
62.790,phoneme,f
62.840,phoneme,u
62.900,phoneme,t
62.950,phoneme,a
62.990,phoneme,y
63.030,phoneme,t
63.200,phoneme,a
63.310,phoneme,t
63.990,phoneme,a
64.000,phoneme,t
64.050,phoneme,m
64.080,phoneme,u
64.130,phoneme,a
64.140,phoneme,t
64.200,phoneme,a
64.220,phoneme,y
64.240,phoneme,t
64.310,phoneme,u
64.380,phoneme,y
64.540,phoneme,m
65.150,phoneme,u
65.270,phoneme,a
65.330,phoneme,t
65.470,phoneme,a
65.580,phoneme,y
65.690,phoneme,a
65.750,phoneme,y
65.810,phoneme,a
65.850,phoneme,u
65.890,phoneme,f
65.970,phoneme,u
66.020,phoneme,y
66.080,phoneme,u
66.140,phoneme,t
66.210,phoneme,m
66.240,phoneme,a
66.280,phoneme,y
66.320,phoneme,t
66.400,phoneme,a
66.520,phoneme,t
66.660,phoneme,a
66.690,phoneme,y
66.720,phoneme,t
66.770,phoneme,a
66.840,phoneme,t
66.920,phoneme,a
66.980,phoneme,t
67.070,phoneme,y
67.140,phoneme,a
67.240,phoneme,t
67.310,phoneme,a
67.370,phoneme,m
67.410,phoneme,a
67.435,phoneme,u
67.460,phoneme,t
67.570,phoneme,a
67.700,phoneme,m
67.770,phoneme,t
67.830,phoneme,a
67.880,phoneme,t
68.030,phoneme,a
68.130,phoneme,u
68.200,phoneme,a
68.220,phoneme,y
68.240,phoneme,a
68.270,phoneme,t
68.400,phoneme,a
68.590,phoneme,t
68.750,phoneme,m
68.840,phoneme,u
68.910,phoneme,a
68.935,phoneme,u
68.960,phoneme,t
69.020,phoneme,u
69.030,phoneme,a
69.090,phoneme,m
69.120,phoneme,a
69.190,phoneme,t
70.130,phoneme,a
70.240,phoneme,t
70.300,phoneme,a
70.340,phoneme,t
70.360,phoneme,a
70.410,phoneme,t
70.520,phoneme,a
70.590,phoneme,m
70.720,phoneme,a
70.730,phoneme,y
71.030,phoneme,a
71.035,phoneme,y
71.130,phoneme,u
71.190,phoneme,t
71.340,phoneme,a
71.420,phoneme,t
71.470,phoneme,a
71.550,phoneme,t
71.610,phoneme,u
71.700,phoneme,t
71.740,phoneme,a
71.820,phoneme,t
72.290,phoneme,y
72.490,phoneme,u
72.560,phoneme,t
72.590,phoneme,a
72.650,phoneme,t
72.710,phoneme,a
72.845,phoneme,y
72.980,phoneme,m
74.580,phoneme,a
74.640,phoneme,u
74.780,phoneme,a
74.815,phoneme,y
74.850,phoneme,t
75.280,phoneme,a
75.345,phoneme,u
75.820,phoneme,t
75.860,phoneme,a
75.920,phoneme,t
76.040,phoneme,a
76.090,phoneme,u
76.140,phoneme,y
76.200,phoneme,a
76.270,phoneme,t
76.380,phoneme,u
76.540,phoneme,t
76.640,phoneme,a
76.690,phoneme,y
76.740,phoneme,a
76.770,phoneme,t
76.830,phoneme,m
78.480,phoneme,t
78.490,phoneme,a
78.610,phoneme,t
78.830,phoneme,a
78.970,phoneme,t
79.040,phoneme,m
79.100,phoneme,a
79.165,phoneme,y
79.240,phoneme,f
79.350,phoneme,u
79.470,phoneme,t
79.630,phoneme,y
79.640,phoneme,u
79.710,phoneme,t
79.730,phoneme,a
79.800,phoneme,t
79.850,phoneme,a
79.880,phoneme,y
79.910,phoneme,t
79.980,phoneme,a
80.035,phoneme,y
80.090,phoneme,m
80.510,phoneme,m
80.710,phoneme,a
80.745,phoneme,u
80.780,phoneme,t
80.840,phoneme,m
80.920,phoneme,a
81.000,phoneme,y
81.040,phoneme,a
81.100,phoneme,t
82.170,phoneme,a
82.240,phoneme,y
82.310,phoneme,t
82.370,phoneme,a
82.430,phoneme,t
82.470,phoneme,a
82.530,phoneme,t
82.580,phoneme,a
82.600,phoneme,f
82.670,phoneme,m
82.710,phoneme,a
82.740,phoneme,y
82.770,phoneme,t
82.840,phoneme,a
82.890,phoneme,y
82.900,phoneme,f
82.960,phoneme,t
83.030,phoneme,u
83.060,phoneme,a
83.120,phoneme,t
83.130,phoneme,a
83.220,phoneme,t
83.510,phoneme,t
83.580,phoneme,a
83.650,phoneme,t
83.760,phoneme,a
83.790,phoneme,y
83.820,phoneme,m
83.860,phoneme,a
83.940,phoneme,t
83.970,phoneme,m
84.740,phoneme,f
84.830,phoneme,a
84.920,phoneme,t
85.770,phoneme,a
85.860,phoneme,t
86.010,phoneme,a
86.130,phoneme,t
86.290,phoneme,a
86.355,phoneme,y
86.420,phoneme,u
86.480,phoneme,y
86.540,phoneme,a
86.575,phoneme,y
86.610,phoneme,m
86.680,phoneme,a
86.725,phoneme,y
86.770,phoneme,t
86.930,phoneme,a
87.050,phoneme,t
87.170,phoneme,a
87.290,phoneme,m
87.330,phoneme,m
87.700,phoneme,t
87.780,phoneme,a
87.850,phoneme,t
87.890,phoneme,m
89.830,phoneme,t
89.930,phoneme,a
89.955,phoneme,u
89.980,phoneme,y
90.030,phoneme,a
90.070,phoneme,t
90.160,phoneme,u
90.220,phoneme,a
90.240,phoneme,y
90.260,phoneme,a
90.310,phoneme,t
90.340,phoneme,a
90.390,phoneme,u
90.440,phoneme,t
91.930,phoneme,t
92.000,phoneme,a
92.050,phoneme,t
92.200,phoneme,a
92.280,phoneme,m
92.380,phoneme,t
92.450,phoneme,a
92.500,phoneme,t
92.600,phoneme,a
92.670,phoneme,t
92.810,phoneme,a
92.875,phoneme,y
92.940,phoneme,a
93.010,phoneme,f
93.080,phoneme,t
93.150,phoneme,u
93.210,phoneme,m
93.290,phoneme,a
93.315,phoneme,u
93.340,phoneme,t
93.390,phoneme,m
93.460,phoneme,a
93.540,phoneme,y
93.560,phoneme,a
93.620,phoneme,t
93.840,phoneme,u
93.920,phoneme,a
93.960,phoneme,y
94.060,phoneme,a
94.150,phoneme,f
94.220,phoneme,m
94.250,phoneme,u
94.420,phoneme,a
94.465,phoneme,y
94.510,phoneme,t
94.580,phoneme,a
95.030,phoneme,t
95.170,phoneme,a
95.290,phoneme,m
96.680,phoneme,t
96.690,phoneme,a
96.700,phoneme,t
96.810,phoneme,a
96.830,phoneme,y
96.850,phoneme,m
96.880,phoneme,a
96.890,phoneme,t
96.960,phoneme,u
96.990,phoneme,a
97.025,phoneme,y
97.110,phoneme,m
97.190,phoneme,a
97.380,phoneme,t
97.500,phoneme,a
97.505,phoneme,y
97.510,phoneme,m
99.090,phoneme,t
99.160,phoneme,a
99.185,phoneme,u
99.260,phoneme,a
99.300,phoneme,t
99.320,phoneme,y
99.380,phoneme,a
99.440,phoneme,m
99.500,phoneme,a
99.530,phoneme,t
99.640,phoneme,m
99.690,phoneme,a
99.710,phoneme,t
99.770,phoneme,m
99.840,phoneme,a
99.850,phoneme,u
99.860,phoneme,t
99.940,phoneme,m
99.980,phoneme,a
100.040,phoneme,y
100.090,phoneme,a
100.130,phoneme,t
100.220,phoneme,a
100.270,phoneme,t
100.380,phoneme,a
100.440,phoneme,t
100.620,phoneme,m
100.650,phoneme,a
100.730,phoneme,t
100.800,phoneme,u
100.890,phoneme,t
100.930,phoneme,a
101.000,phoneme,t
101.110,phoneme,a
101.200,phoneme,t
102.330,phoneme,a
102.370,phoneme,y
102.420,phoneme,t
102.510,phoneme,a
102.580,phoneme,t
102.610,phoneme,a
102.620,phoneme,t
102.640,phoneme,u
102.710,phoneme,a
102.740,phoneme,t
102.810,phoneme,m
102.860,phoneme,u
102.890,phoneme,a
102.940,phoneme,m
103.020,phoneme,y
103.060,phoneme,a
103.090,phoneme,y
103.120,phoneme,m
103.160,phoneme,a
103.220,phoneme,t
103.300,phoneme,a
103.370,phoneme,t
103.430,phoneme,a
103.465,phoneme,y
103.500,phoneme,u
103.540,phoneme,a
103.570,phoneme,t
103.630,phoneme,a
103.670,phoneme,t
103.780,phoneme,m
103.830,phoneme,a
103.930,phoneme,u
103.960,phoneme,a
104.010,phoneme,m
104.030,phoneme,a
104.070,phoneme,t
104.180,phoneme,a
104.230,phoneme,t
104.300,phoneme,a
104.330,phoneme,y
104.380,phoneme,a
104.480,phoneme,t
105.130,phoneme,y
105.200,phoneme,a
105.230,phoneme,y
105.260,phoneme,t
105.370,phoneme,a
105.440,phoneme,t
105.550,phoneme,m
106.040,phoneme,u
106.120,phoneme,a
106.170,phoneme,t
106.220,phoneme,u
106.340,phoneme,a
106.410,phoneme,t
106.490,phoneme,m
106.560,phoneme,a
106.605,phoneme,y
106.720,phoneme,u
106.800,phoneme,t
106.820,phoneme,a
106.880,phoneme,t
106.950,phoneme,m
107.010,phoneme,y
107.050,phoneme,a
107.110,phoneme,t
107.220,phoneme,u
107.710,phoneme,a
107.780,phoneme,t
107.850,phoneme,t
107.870,phoneme,a
107.905,phoneme,y
107.940,phoneme,t
108.040,phoneme,m
108.110,phoneme,a
108.170,phoneme,t
108.380,phoneme,u
108.470,phoneme,t
108.570,phoneme,u
108.630,phoneme,m
108.690,phoneme,a
108.760,phoneme,y
108.840,phoneme,f
108.960,phoneme,a
109.005,phoneme,y
109.050,phoneme,t
109.120,phoneme,a
109.170,phoneme,t
109.280,phoneme,a
109.330,phoneme,y
109.380,phoneme,m
109.380,phoneme,a
109.490,phoneme,t
109.570,phoneme,a
109.630,phoneme,t
109.810,phoneme,a
109.900,phoneme,u
110.100,phoneme,m
111.430,phoneme,t
111.570,phoneme,a
111.610,phoneme,u
111.710,phoneme,a
111.750,phoneme,y
111.810,phoneme,a
111.850,phoneme,f
111.920,phoneme,t
112.010,phoneme,y
112.100,phoneme,a
112.130,phoneme,y
112.160,phoneme,m
112.240,phoneme,t
112.330,phoneme,a
112.390,phoneme,m
112.480,phoneme,u
113.680,phoneme,a
113.730,phoneme,t
113.790,phoneme,a
113.830,phoneme,t
113.890,phoneme,a
113.960,phoneme,t
114.100,phoneme,a
114.160,phoneme,t
114.240,phoneme,a
114.300,phoneme,t
114.380,phoneme,f
114.420,phoneme,u
114.490,phoneme,m
114.570,phoneme,a
114.605,phoneme,u
114.640,phoneme,m
114.700,phoneme,a
114.740,phoneme,y
114.930,phoneme,m
115.240,phoneme,y
115.290,phoneme,a
115.330,phoneme,t
115.530,phoneme,a
115.570,phoneme,t
115.640,phoneme,a
115.690,phoneme,y
115.740,phoneme,m
115.880,phoneme,t
116.000,phoneme,y
116.090,phoneme,a
116.125,phoneme,y
116.160,phoneme,m
116.250,phoneme,t
116.330,phoneme,a
116.370,phoneme,m
116.460,phoneme,u
116.540,phoneme,m
116.610,phoneme,a
116.645,phoneme,u
116.680,phoneme,m
116.740,phoneme,a
116.810,phoneme,y
118.070,phoneme,a
118.160,phoneme,t
118.290,phoneme,a
118.335,phoneme,u
118.380,phoneme,t
118.620,phoneme,a
118.715,phoneme,y
118.810,phoneme,a
118.845,phoneme,y
118.880,phoneme,t
118.980,phoneme,a
119.090,phoneme,t
119.630,phoneme,y
119.710,phoneme,u
119.780,phoneme,t
119.800,phoneme,a
119.830,phoneme,t
119.990,phoneme,a
120.015,phoneme,y
120.040,phoneme,m
120.110,phoneme,a
120.145,phoneme,y
120.890,phoneme,m
120.930,phoneme,a
120.970,phoneme,u
121.000,phoneme,t
121.060,phoneme,a
121.110,phoneme,t
121.120,phoneme,a
121.190,phoneme,y
121.240,phoneme,t
121.290,phoneme,a
121.350,phoneme,t
121.440,phoneme,a
121.500,phoneme,m
121.560,phoneme,y
121.610,phoneme,a
121.650,phoneme,y
121.690,phoneme,u
122.020,phoneme,a
122.100,phoneme,t
122.170,phoneme,a
122.210,phoneme,m
122.270,phoneme,a
122.310,phoneme,t
122.340,phoneme,a
122.390,phoneme,f
122.440,phoneme,m
122.730,phoneme,t
122.740,phoneme,a
122.780,phoneme,t
122.870,phoneme,a
122.910,phoneme,y
122.950,phoneme,t
123.530,phoneme,a
123.590,phoneme,t
123.690,phoneme,m
123.740,phoneme,u
123.790,phoneme,a
123.800,phoneme,t
123.870,phoneme,a
123.900,phoneme,y
123.930,phoneme,m
124.000,phoneme,a
124.140,phoneme,t
124.200,phoneme,m
124.390,phoneme,t
124.420,phoneme,a
124.460,phoneme,t
124.530,phoneme,a
124.570,phoneme,y
124.610,phoneme,t
124.750,phoneme,m
124.820,phoneme,a
124.880,phoneme,t
124.900,phoneme,a
124.950,phoneme,t
125.100,phoneme,a
125.210,phoneme,u
125.440,phoneme,m
126.630,phoneme,t
126.720,phoneme,a
126.850,phoneme,t
127.160,phoneme,a
127.290,phoneme,t
127.360,phoneme,m
127.440,phoneme,y
127.510,phoneme,a
127.590,phoneme,t
127.650,phoneme,a
127.720,phoneme,u
127.790,phoneme,t
128.050,phoneme,a
128.220,phoneme,t
128.440,phoneme,a
128.550,phoneme,t
128.670,phoneme,a
128.710,phoneme,t
128.780,phoneme,a
128.880,phoneme,t
128.950,phoneme,u
129.000,phoneme,a
129.050,phoneme,t
129.680,phoneme,t
129.760,phoneme,a
129.820,phoneme,t
129.890,phoneme,a
129.945,phoneme,u
130.000,phoneme,y
130.090,phoneme,a
130.170,phoneme,t
130.290,phoneme,a
130.350,phoneme,t
130.480,phoneme,a
130.590,phoneme,y
130.690,phoneme,a
130.850,phoneme,y
130.910,phoneme,t
130.950,phoneme,a
130.990,phoneme,m
131.060,phoneme,a
131.120,phoneme,t
131.310,phoneme,u
131.400,phoneme,t
131.480,phoneme,m
131.540,phoneme,a
131.590,phoneme,f
131.660,phoneme,a
131.700,phoneme,u
131.760,phoneme,y
131.820,phoneme,u
131.920,phoneme,m
131.920,phoneme,f
132.060,phoneme,a
132.090,phoneme,y
132.120,phoneme,t
132.250,phoneme,f
132.310,phoneme,u
132.370,phoneme,m
132.430,phoneme,a
132.500,phoneme,y
132.610,phoneme,a
132.680,phoneme,t
132.710,phoneme,a
132.790,phoneme,t
132.870,phoneme,u
132.960,phoneme,a
133.070,phoneme,y
133.780,phoneme,y
133.880,phoneme,u
133.940,phoneme,t
133.980,phoneme,a
134.010,phoneme,t
134.160,phoneme,a
134.185,phoneme,y
134.210,phoneme,m
134.260,phoneme,a
134.285,phoneme,y
134.310,phoneme,t
134.380,phoneme,u
134.460,phoneme,a
134.500,phoneme,y
134.540,phoneme,a
134.550,phoneme,t
134.620,phoneme,a
134.655,phoneme,u
134.690,phoneme,t
134.760,phoneme,m
135.040,phoneme,a
135.140,phoneme,t
135.300,phoneme,a
135.360,phoneme,t
135.440,phoneme,a
135.470,phoneme,m
135.510,phoneme,a
135.560,phoneme,t
135.610,phoneme,m
135.650,phoneme,a
135.720,phoneme,u
135.770,phoneme,m
135.770,phoneme,m
135.840,phoneme,y
135.880,phoneme,a
135.940,phoneme,t
136.030,phoneme,u
136.250,phoneme,m
137.500,phoneme,a
137.620,phoneme,t
137.710,phoneme,a
137.800,phoneme,t
137.860,phoneme,m
137.940,phoneme,u
138.000,phoneme,a
138.060,phoneme,t
138.230,phoneme,a
138.295,phoneme,y
138.360,phoneme,t
138.470,phoneme,a
138.540,phoneme,u
138.550,phoneme,t
138.600,phoneme,a
138.650,phoneme,t
138.800,phoneme,m
140.020,phoneme,m
140.090,phoneme,a
140.145,phoneme,y
140.210,phoneme,f
140.270,phoneme,u
140.380,phoneme,t
140.480,phoneme,f
140.540,phoneme,a
140.570,phoneme,t
140.620,phoneme,a
140.660,phoneme,y
140.700,phoneme,a
140.745,phoneme,u
140.790,phoneme,t
140.870,phoneme,u
141.480,phoneme,a
141.620,phoneme,t
141.750,phoneme,u
141.840,phoneme,a
141.930,phoneme,t
142.060,phoneme,a
142.130,phoneme,t
143.320,phoneme,a
143.360,phoneme,y
143.400,phoneme,a
143.480,phoneme,t
143.610,phoneme,y
143.660,phoneme,a
143.695,phoneme,y
143.730,phoneme,t
143.770,phoneme,a
143.830,phoneme,t
143.910,phoneme,u
143.950,phoneme,t
144.050,phoneme,a
144.120,phoneme,u
144.200,phoneme,a
144.220,phoneme,y
144.240,phoneme,a
144.300,phoneme,y
144.360,phoneme,t
144.420,phoneme,y
144.470,phoneme,a
144.510,phoneme,y
144.550,phoneme,u
144.590,phoneme,a
144.640,phoneme,t
144.820,phoneme,a
144.870,phoneme,t
144.900,phoneme,a
144.950,phoneme,f
145.050,phoneme,t
145.060,phoneme,a
145.140,phoneme,t
145.280,phoneme,a
145.320,phoneme,y
145.360,phoneme,t
145.380,phoneme,a
145.430,phoneme,f
145.510,phoneme,a
145.560,phoneme,t
145.610,phoneme,a
145.650,phoneme,y
145.690,phoneme,a
145.765,phoneme,u
145.840,phoneme,m
146.520,phoneme,m
146.580,phoneme,a
146.610,phoneme,y
146.640,phoneme,m
146.700,phoneme,a
146.730,phoneme,u
146.760,phoneme,t
146.850,phoneme,m
146.920,phoneme,a
146.980,phoneme,m
147.060,phoneme,y
147.070,phoneme,a
147.100,phoneme,y
147.180,phoneme,u
147.230,phoneme,f
147.300,phoneme,a
147.330,phoneme,t
147.370,phoneme,a
147.415,phoneme,y
147.460,phoneme,a
147.480,phoneme,u
147.500,phoneme,a
147.580,phoneme,t
147.640,phoneme,a
147.690,phoneme,t
147.830,phoneme,y
147.870,phoneme,a
147.930,phoneme,y
148.030,phoneme,a
148.040,phoneme,t
148.050,phoneme,u
148.060,phoneme,t
148.120,phoneme,a
148.180,phoneme,u
148.250,phoneme,a
148.270,phoneme,y
148.290,phoneme,a
148.350,phoneme,y
148.550,phoneme,m
148.850,phoneme,y
148.950,phoneme,a
148.995,phoneme,u
149.040,phoneme,t
149.090,phoneme,a
149.250,phoneme,t
149.380,phoneme,m
149.430,phoneme,a
149.510,phoneme,u
149.570,phoneme,t
149.660,phoneme,a
149.740,phoneme,t
149.790,phoneme,a
149.830,phoneme,t
149.930,phoneme,m
150.350,phoneme,f
150.440,phoneme,a
150.490,phoneme,y
150.760,phoneme,u
150.840,phoneme,t
150.850,phoneme,a
150.900,phoneme,t
150.960,phoneme,a
151.140,phoneme,y
151.320,phoneme,m
152.460,phoneme,t
152.580,phoneme,a
152.630,phoneme,t
152.800,phoneme,a
152.890,phoneme,m
153.030,phoneme,u
153.110,phoneme,a
153.150,phoneme,y
153.250,phoneme,a
153.350,phoneme,f
153.420,phoneme,m
153.500,phoneme,y
153.580,phoneme,a
153.650,phoneme,t
153.770,phoneme,u
153.860,phoneme,m
153.920,phoneme,u
154.040,phoneme,t
154.700,phoneme,a
154.760,phoneme,y
154.820,phoneme,t
154.910,phoneme,a
155.000,phoneme,t
155.060,phoneme,a
155.120,phoneme,t
155.170,phoneme,m
155.230,phoneme,a
155.340,phoneme,t
155.880,phoneme,a
155.940,phoneme,y
156.050,phoneme,a
156.090,phoneme,f
156.140,phoneme,a
156.200,phoneme,t
156.290,phoneme,a
156.390,phoneme,f
156.420,phoneme,t
156.480,phoneme,m
156.540,phoneme,a
156.630,phoneme,t
156.700,phoneme,f
156.740,phoneme,u
156.820,phoneme,t
156.850,phoneme,a
156.910,phoneme,t
157.060,phoneme,a
157.105,phoneme,y
157.150,phoneme,m
157.850,phoneme,t
157.950,phoneme,a
157.990,phoneme,t
158.100,phoneme,y
158.160,phoneme,u
158.200,phoneme,t
158.230,phoneme,a
158.280,phoneme,t
158.350,phoneme,m
158.390,phoneme,a
158.460,phoneme,t
158.520,phoneme,a
158.570,phoneme,t
158.650,phoneme,a
158.710,phoneme,t
158.870,phoneme,a
158.930,phoneme,u
158.990,phoneme,a
159.010,phoneme,y
159.030,phoneme,a
159.050,phoneme,m
159.150,phoneme,t
159.160,phoneme,a
159.200,phoneme,t
159.210,phoneme,a
159.260,phoneme,t
159.390,phoneme,a
159.450,phoneme,m
159.540,phoneme,t
159.760,phoneme,a
159.890,phoneme,u
159.970,phoneme,a
160.010,phoneme,y
160.050,phoneme,a
160.110,phoneme,t
160.250,phoneme,a
160.280,phoneme,t
160.420,phoneme,a
160.490,phoneme,y
160.550,phoneme,t
160.640,phoneme,a
161.550,phoneme,t
161.600,phoneme,a
161.640,phoneme,t
161.810,phoneme,m
161.850,phoneme,a
161.910,phoneme,y
161.980,phoneme,f
162.060,phoneme,u
162.170,phoneme,t
162.320,phoneme,y
162.360,phoneme,a
162.430,phoneme,t
162.580,phoneme,u
162.660,phoneme,m
162.770,phoneme,u
162.810,phoneme,a
162.870,phoneme,t
162.970,phoneme,a
163.020,phoneme,t
163.570,phoneme,y
163.650,phoneme,a
163.710,phoneme,t
163.820,phoneme,a
163.860,phoneme,t
163.930,phoneme,a
163.980,phoneme,m
164.030,phoneme,a
164.055,phoneme,u
164.080,phoneme,t
164.150,phoneme,a
164.185,phoneme,y
164.300,phoneme,a
164.390,phoneme,u
164.630,phoneme,t
164.720,phoneme,a
164.755,phoneme,u
164.790,phoneme,m
164.860,phoneme,a
164.905,phoneme,u
164.950,phoneme,t
165.030,phoneme,a
165.060,phoneme,f
165.110,phoneme,t
165.120,phoneme,a
165.190,phoneme,t
165.400,phoneme,a
165.440,phoneme,y
165.480,phoneme,m
165.540,phoneme,u
165.560,phoneme,a
165.600,phoneme,t
165.670,phoneme,m
165.720,phoneme,a
165.780,phoneme,t
166.030,phoneme,a
166.150,phoneme,t
166.250,phoneme,u
166.410,phoneme,t
166.460,phoneme,a
166.530,phoneme,t
166.590,phoneme,a
166.640,phoneme,t
166.840,phoneme,a
166.900,phoneme,y
166.960,phoneme,m
167.940,phoneme,t
168.010,phoneme,a
168.090,phoneme,t
168.140,phoneme,a
168.190,phoneme,t
168.290,phoneme,a
168.330,phoneme,m
168.390,phoneme,u
168.425,phoneme,a
168.460,phoneme,t
168.510,phoneme,a
168.560,phoneme,f
168.640,phoneme,m
168.670,phoneme,a
168.705,phoneme,y
168.950,phoneme,m
169.140,phoneme,t
169.200,phoneme,u
169.260,phoneme,a
169.360,phoneme,u
169.560,phoneme,a
169.630,phoneme,u
169.640,phoneme,a
169.690,phoneme,y
169.750,phoneme,a
169.850,phoneme,t
169.980,phoneme,y
170.060,phoneme,a
170.080,phoneme,y
170.110,phoneme,a
170.150,phoneme,t
170.230,phoneme,a
170.280,phoneme,t
170.350,phoneme,a
170.390,phoneme,y
170.480,phoneme,u
170.530,phoneme,a
170.560,phoneme,t
170.660,phoneme,a
170.730,phoneme,u
170.860,phoneme,a
170.970,phoneme,t
171.050,phoneme,m
171.110,phoneme,u
171.160,phoneme,a
171.230,phoneme,m
171.290,phoneme,y
171.350,phoneme,a
171.400,phoneme,m
171.590,phoneme,t
171.660,phoneme,a
171.700,phoneme,t
171.860,phoneme,a
171.940,phoneme,y
171.990,phoneme,t
172.170,phoneme,a
172.430,phoneme,y
172.530,phoneme,a
172.620,phoneme,t
172.730,phoneme,a
172.770,phoneme,y
172.810,phoneme,m
173.860,phoneme,m
174.050,phoneme,a
174.110,phoneme,u
174.170,phoneme,t
174.240,phoneme,a
174.280,phoneme,f
174.370,phoneme,a
174.420,phoneme,y
174.470,phoneme,t
174.580,phoneme,a
174.640,phoneme,t
175.960,phoneme,t
176.040,phoneme,a
176.120,phoneme,t
176.260,phoneme,a
176.320,phoneme,y
176.380,phoneme,m
176.480,phoneme,t
176.550,phoneme,u
176.620,phoneme,t
176.760,phoneme,a
176.920,phoneme,u
177.200,phoneme,a
177.260,phoneme,y
177.390,phoneme,a
177.435,phoneme,y
177.550,phoneme,a
177.690,phoneme,t
177.850,phoneme,a
177.900,phoneme,y
177.950,phoneme,m
178.440,phoneme,a
178.450,phoneme,t
178.840,phoneme,a
178.945,phoneme,y
179.130,phoneme,u
179.210,phoneme,t
179.320,phoneme,t
179.590,phoneme,a
179.645,phoneme,u
179.700,phoneme,m
179.760,phoneme,a
179.800,phoneme,t
179.830,phoneme,a
179.875,phoneme,y
179.930,phoneme,t
180.010,phoneme,a
180.060,phoneme,t
180.190,phoneme,f
180.250,phoneme,u
180.310,phoneme,m
180.410,phoneme,a
180.450,phoneme,y
180.490,phoneme,t
180.540,phoneme,a
180.600,phoneme,t
180.700,phoneme,a
180.710,phoneme,t
181.290,phoneme,t
181.500,phoneme,a
181.545,phoneme,y
181.590,phoneme,f
181.790,phoneme,a
181.895,phoneme,y
182.120,phoneme,t
182.280,phoneme,m
182.330,phoneme,u
182.390,phoneme,a
182.430,phoneme,t
182.560,phoneme,a
182.600,phoneme,y
182.640,phoneme,t
182.710,phoneme,u
182.740,phoneme,a
182.790,phoneme,y
182.830,phoneme,t
182.900,phoneme,a
182.960,phoneme,t
183.020,phoneme,u
183.130,phoneme,a
183.165,phoneme,y
183.200,phoneme,t
183.300,phoneme,a
183.360,phoneme,t
183.490,phoneme,m
183.600,phoneme,a
183.680,phoneme,t
183.780,phoneme,f
183.880,phoneme,a
183.935,phoneme,y
183.990,phoneme,t
184.640,phoneme,y
184.740,phoneme,a
184.770,phoneme,u
184.800,phoneme,t
184.870,phoneme,a
184.880,phoneme,f
184.890,phoneme,t
185.020,phoneme,a
185.090,phoneme,f
185.210,phoneme,y
185.220,phoneme,a
185.255,phoneme,y
185.290,phoneme,t
185.410,phoneme,a
185.500,phoneme,t
185.830,phoneme,u
185.900,phoneme,a
185.940,phoneme,u
185.980,phoneme,t
186.100,phoneme,a
186.140,phoneme,t
186.270,phoneme,a
186.325,phoneme,y
186.380,phoneme,m
186.490,phoneme,a
186.535,phoneme,y
186.580,phoneme,t
186.690,phoneme,a
186.760,phoneme,u
186.770,phoneme,t
186.810,phoneme,a
186.870,phoneme,t
186.950,phoneme,u
187.000,phoneme,a
187.070,phoneme,t
187.210,phoneme,a
187.255,phoneme,y
187.300,phoneme,m
187.350,phoneme,t
187.440,phoneme,a
187.500,phoneme,m
187.570,phoneme,t
188.240,phoneme,a
188.390,phoneme,f
188.450,phoneme,u
188.510,phoneme,a
188.535,phoneme,y
188.590,phoneme,a
188.670,phoneme,u
188.790,phoneme,m
188.900,phoneme,a
188.940,phoneme,y
188.980,phoneme,a
189.000,phoneme,t
189.050,phoneme,m
189.090,phoneme,a
189.130,phoneme,y
189.170,phoneme,t
189.240,phoneme,a
189.320,phoneme,t
189.390,phoneme,u
189.460,phoneme,t
189.540,phoneme,u
189.620,phoneme,t
189.690,phoneme,a
189.760,phoneme,m
190.400,phoneme,t
190.480,phoneme,a
190.525,phoneme,y
190.570,phoneme,m
190.620,phoneme,t
190.700,phoneme,a
190.760,phoneme,m
191.650,phoneme,m
194.570,phoneme,m
194.590,phoneme,t
194.770,phoneme,a
194.810,phoneme,y
194.850,phoneme,m
194.920,phoneme,t
195.000,phoneme,u
195.040,phoneme,a
195.110,phoneme,t
195.190,phoneme,a
195.260,phoneme,t
195.980,phoneme,m
196.900,phoneme,t
196.990,phoneme,a
197.070,phoneme,t
197.190,phoneme,a
197.300,phoneme,t
198.180,phoneme,m
198.940,phoneme,a
199.030,phoneme,m
199.080,phoneme,y
199.120,phoneme,a
199.190,phoneme,t
199.310,phoneme,a
199.460,phoneme,t
200.590,phoneme,t
200.660,phoneme,a
200.695,phoneme,y
200.730,phoneme,t
200.840,phoneme,a
200.875,phoneme,y
200.910,phoneme,m
200.980,phoneme,t
201.050,phoneme,a
201.100,phoneme,m
201.160,phoneme,t
201.210,phoneme,u
201.320,phoneme,t
201.370,phoneme,u
201.450,phoneme,a
201.495,phoneme,y
201.540,phoneme,t
201.650,phoneme,a
201.730,phoneme,t
201.780,phoneme,u
201.850,phoneme,a
201.855,phoneme,y
201.870,phoneme,a
201.880,phoneme,t
201.970,phoneme,a
202.020,phoneme,y
202.110,phoneme,u
202.190,phoneme,t
202.220,phoneme,a
202.260,phoneme,m
202.300,phoneme,a
202.320,phoneme,u
202.340,phoneme,t
202.610,phoneme,a
202.650,phoneme,u
202.690,phoneme,m
202.750,phoneme,a
202.840,phoneme,t
202.970,phoneme,a
203.030,phoneme,t
203.140,phoneme,u
203.200,phoneme,a
203.240,phoneme,t
203.370,phoneme,a
203.400,phoneme,t
203.590,phoneme,u
203.640,phoneme,a
203.680,phoneme,t
203.750,phoneme,y
203.800,phoneme,a
203.875,phoneme,y
203.950,phoneme,m
205.280,phoneme,a
205.340,phoneme,y
205.400,phoneme,t
205.520,phoneme,a
205.580,phoneme,u
205.590,phoneme,t
205.640,phoneme,a
205.700,phoneme,t
205.750,phoneme,a
205.810,phoneme,f
205.910,phoneme,m
206.560,phoneme,u
206.630,phoneme,a
206.660,phoneme,t
206.830,phoneme,y
206.900,phoneme,a
206.930,phoneme,y
206.960,phoneme,m
207.020,phoneme,u
207.060,phoneme,a
207.120,phoneme,t
207.550,phoneme,a
207.640,phoneme,t
207.710,phoneme,a
207.780,phoneme,t
207.820,phoneme,y
207.890,phoneme,a
207.930,phoneme,t
208.010,phoneme,u
208.050,phoneme,a
208.120,phoneme,t
208.190,phoneme,u
208.300,phoneme,t
208.340,phoneme,a
208.410,phoneme,t
208.470,phoneme,a
208.490,phoneme,y
209.030,phoneme,u
209.120,phoneme,t
209.200,phoneme,u
209.220,phoneme,a
209.250,phoneme,y
209.350,phoneme,a
209.385,phoneme,y
209.420,phoneme,t
209.480,phoneme,a
209.530,phoneme,t
209.610,phoneme,a
209.645,phoneme,y
209.680,phoneme,a
209.750,phoneme,m
209.830,phoneme,t
209.930,phoneme,a
210.000,phoneme,u
210.090,phoneme,a
210.130,phoneme,t
210.280,phoneme,u
210.360,phoneme,t
210.400,phoneme,a
210.410,phoneme,y
210.460,phoneme,m
210.540,phoneme,y
210.630,phoneme,a
210.725,phoneme,y
211.590,phoneme,t
211.650,phoneme,a
211.710,phoneme,t
211.750,phoneme,a
211.800,phoneme,t
211.890,phoneme,a
211.940,phoneme,f
212.030,phoneme,u
212.150,phoneme,t
212.320,phoneme,a
212.390,phoneme,y
212.460,phoneme,m
212.560,phoneme,t
212.590,phoneme,a
212.630,phoneme,t
212.680,phoneme,a
212.715,phoneme,y
212.750,phoneme,a
212.850,phoneme,t
212.980,phoneme,y
213.030,phoneme,a
213.060,phoneme,y
213.090,phoneme,m
213.150,phoneme,u
213.220,phoneme,y
213.270,phoneme,t
213.290,phoneme,a
213.330,phoneme,t
213.380,phoneme,a
213.460,phoneme,t
213.530,phoneme,u
213.650,phoneme,a
213.730,phoneme,t
213.830,phoneme,u
213.900,phoneme,a
213.970,phoneme,f
214.030,phoneme,a
214.080,phoneme,t
214.110,phoneme,a
214.170,phoneme,t
214.320,phoneme,a
214.375,phoneme,y
214.430,phoneme,m
215.410,phoneme,a
215.465,phoneme,y
215.560,phoneme,a
215.600,phoneme,t
215.720,phoneme,m
216.060,phoneme,u
216.110,phoneme,a
216.160,phoneme,t
216.170,phoneme,a
216.230,phoneme,t
216.270,phoneme,a
216.310,phoneme,t
216.370,phoneme,a
216.410,phoneme,t
216.470,phoneme,a
216.525,phoneme,y
216.580,phoneme,m
216.680,phoneme,a
216.750,phoneme,t
216.860,phoneme,a
216.895,phoneme,y
216.930,phoneme,a
216.970,phoneme,t
217.050,phoneme,a
217.120,phoneme,m
217.190,phoneme,t
217.210,phoneme,a
217.260,phoneme,m
217.310,phoneme,a
217.340,phoneme,y
217.370,phoneme,t
217.470,phoneme,a
217.510,phoneme,m
217.590,phoneme,a
217.660,phoneme,t
217.730,phoneme,a
217.810,phoneme,y
218.340,phoneme,m
218.410,phoneme,a
218.450,phoneme,t
218.460,phoneme,a
218.485,phoneme,y
218.510,phoneme,m
218.580,phoneme,a
218.605,phoneme,y
218.630,phoneme,t
218.700,phoneme,y
218.710,phoneme,a
218.740,phoneme,y
218.770,phoneme,t
219.340,phoneme,m
219.410,phoneme,y
219.420,phoneme,u
219.570,phoneme,a
219.665,phoneme,u
220.500,phoneme,t
220.560,phoneme,a
220.600,phoneme,m
220.680,phoneme,a
220.720,phoneme,y
220.760,phoneme,t
220.830,phoneme,m
220.870,phoneme,u
220.920,phoneme,a
220.980,phoneme,m
221.040,phoneme,y
221.050,phoneme,a
221.060,phoneme,m
221.110,phoneme,u
221.150,phoneme,a
221.190,phoneme,t
221.260,phoneme,a
221.310,phoneme,t
221.430,phoneme,a
221.485,phoneme,y
221.540,phoneme,m
221.650,phoneme,u
221.680,phoneme,a
221.730,phoneme,t
221.810,phoneme,m
221.890,phoneme,u
221.940,phoneme,t
221.980,phoneme,a
222.030,phoneme,t
222.080,phoneme,a
222.130,phoneme,t
222.180,phoneme,a
222.230,phoneme,t
222.280,phoneme,m
222.350,phoneme,a
222.390,phoneme,u
222.430,phoneme,m
222.490,phoneme,a
222.550,phoneme,y
223.410,phoneme,a
223.495,phoneme,y
223.580,phoneme,t
223.730,phoneme,u
223.780,phoneme,a
223.870,phoneme,u
223.920,phoneme,t
223.970,phoneme,a
224.010,phoneme,t
224.090,phoneme,a
224.200,phoneme,t
224.710,phoneme,u
224.930,phoneme,a
224.985,phoneme,y
225.040,phoneme,t
225.100,phoneme,a
225.160,phoneme,t
225.240,phoneme,a
225.370,phoneme,m
225.450,phoneme,a
225.500,phoneme,y
225.650,phoneme,a
225.690,phoneme,f
225.770,phoneme,t
226.030,phoneme,a
226.100,phoneme,u
226.170,phoneme,m
226.240,phoneme,a
226.300,phoneme,t
226.340,phoneme,a
226.380,phoneme,y
226.450,phoneme,u
226.490,phoneme,a
226.540,phoneme,t
226.610,phoneme,u
226.690,phoneme,a
226.740,phoneme,y
226.790,phoneme,u
226.870,phoneme,m
226.890,phoneme,a
226.930,phoneme,t
227.590,phoneme,a
227.710,phoneme,t
227.810,phoneme,u
227.910,phoneme,a
227.950,phoneme,t
228.380,phoneme,a
228.430,phoneme,t
228.530,phoneme,u
228.570,phoneme,a
228.620,phoneme,t
228.810,phoneme,a
228.860,phoneme,u
228.920,phoneme,m
229.450,phoneme,y
229.460,phoneme,u
229.590,phoneme,a
229.605,phoneme,u
229.620,phoneme,a
229.680,phoneme,t
229.740,phoneme,y
229.750,phoneme,u
229.810,phoneme,t
229.850,phoneme,a
229.910,phoneme,t
230.020,phoneme,u
230.120,phoneme,a
230.160,phoneme,y
230.300,phoneme,u
230.370,phoneme,a
230.440,phoneme,t
230.680,phoneme,m
230.710,phoneme,a
230.770,phoneme,t
230.840,phoneme,a
230.970,phoneme,m
231.060,phoneme,a
231.120,phoneme,y
231.300,phoneme,m
231.460,phoneme,m
232.970,phoneme,m
234.600,phoneme,t
234.670,phoneme,a
234.730,phoneme,t
234.880,phoneme,a
234.935,phoneme,y
234.990,phoneme,m
235.050,phoneme,t
235.160,phoneme,a
235.220,phoneme,u
235.250,phoneme,t
235.260,phoneme,a
235.350,phoneme,t
235.390,phoneme,a
235.460,phoneme,f
235.540,phoneme,u
235.570,phoneme,a
235.610,phoneme,t
235.690,phoneme,m
235.750,phoneme,a
235.810,phoneme,y
235.870,phoneme,m
235.910,phoneme,a
235.940,phoneme,y
235.970,phoneme,a
236.030,phoneme,t
236.110,phoneme,m
236.170,phoneme,a
236.310,phoneme,u
236.360,phoneme,t
236.440,phoneme,u
236.530,phoneme,a
236.545,phoneme,y
236.640,phoneme,u
236.700,phoneme,a
236.720,phoneme,y
236.740,phoneme,t
236.790,phoneme,a
236.840,phoneme,t
236.920,phoneme,f
236.970,phoneme,u
237.030,phoneme,m
237.090,phoneme,a
237.135,phoneme,y
237.180,phoneme,t
237.270,phoneme,a
237.360,phoneme,t
237.460,phoneme,a
237.510,phoneme,t
237.610,phoneme,a
237.640,phoneme,u
237.680,phoneme,t
237.740,phoneme,u
237.880,phoneme,t
237.940,phoneme,a
238.020,phoneme,t
238.090,phoneme,a
238.140,phoneme,t
238.220,phoneme,a
238.270,phoneme,m
238.340,phoneme,u
238.410,phoneme,a
238.460,phoneme,t
238.540,phoneme,a
238.580,phoneme,t
238.670,phoneme,u
238.720,phoneme,a
238.760,phoneme,y
238.860,phoneme,m
238.920,phoneme,y
238.980,phoneme,a
239.030,phoneme,t
239.080,phoneme,a
239.130,phoneme,t
240.030,phoneme,t
240.090,phoneme,a
240.150,phoneme,t
240.270,phoneme,a
240.310,phoneme,y
240.350,phoneme,m
240.450,phoneme,y
240.460,phoneme,a
240.510,phoneme,t
240.560,phoneme,a
240.590,phoneme,t
240.710,phoneme,a
240.810,phoneme,t
240.920,phoneme,u
240.980,phoneme,a
241.040,phoneme,t
241.160,phoneme,a
241.200,phoneme,t
241.300,phoneme,a
241.350,phoneme,f
241.390,phoneme,a
241.450,phoneme,y
241.490,phoneme,a
241.500,phoneme,m
241.570,phoneme,a
241.600,phoneme,t
241.700,phoneme,m
241.740,phoneme,y
241.800,phoneme,a
241.840,phoneme,t
242.260,phoneme,t
242.350,phoneme,a
242.400,phoneme,t
242.470,phoneme,m
242.510,phoneme,a
242.555,phoneme,y
242.600,phoneme,a
242.690,phoneme,t
242.830,phoneme,a
242.940,phoneme,t
243.040,phoneme,m
243.270,phoneme,a
243.295,phoneme,y
243.320,phoneme,f
243.380,phoneme,a
243.420,phoneme,t
243.480,phoneme,y
243.550,phoneme,a
243.640,phoneme,f
243.690,phoneme,u
243.740,phoneme,a
243.800,phoneme,t
244.400,phoneme,a
244.465,phoneme,y
244.530,phoneme,t
244.590,phoneme,a
244.630,phoneme,t
244.800,phoneme,a
244.910,phoneme,t
244.970,phoneme,a
245.030,phoneme,t
245.090,phoneme,y
245.100,phoneme,u
245.170,phoneme,a
245.200,phoneme,t
245.240,phoneme,a
245.290,phoneme,f
245.360,phoneme,u
245.430,phoneme,t
245.510,phoneme,a
245.540,phoneme,u
245.570,phoneme,t
245.630,phoneme,a
245.640,phoneme,t
245.740,phoneme,u
245.810,phoneme,y
245.880,phoneme,a
245.920,phoneme,t
246.040,phoneme,a
246.100,phoneme,m
246.160,phoneme,a
246.290,phoneme,y
246.420,phoneme,m
247.330,phoneme,t
247.400,phoneme,a
247.460,phoneme,t
247.570,phoneme,a
247.600,phoneme,y
247.630,phoneme,m
247.700,phoneme,u
247.710,phoneme,a
247.750,phoneme,t
247.820,phoneme,m
247.870,phoneme,a
247.900,phoneme,y
247.950,phoneme,t
248.020,phoneme,a
248.050,phoneme,y
248.080,phoneme,m
248.150,phoneme,y
248.210,phoneme,a
248.245,phoneme,y
248.280,phoneme,u
248.400,phoneme,m
248.430,phoneme,a
248.480,phoneme,t
248.530,phoneme,a
248.570,phoneme,t
248.630,phoneme,m
248.670,phoneme,a
248.705,phoneme,y
248.740,phoneme,t
248.830,phoneme,a
248.920,phoneme,t
248.950,phoneme,a
249.000,phoneme,t
249.070,phoneme,u
249.080,phoneme,a
249.140,phoneme,t
249.220,phoneme,a
249.260,phoneme,t
249.310,phoneme,a
249.360,phoneme,m
249.420,phoneme,y
249.500,phoneme,a
249.535,phoneme,y
249.570,phoneme,t
249.630,phoneme,a
249.660,phoneme,m
249.720,phoneme,t
249.750,phoneme,a
249.780,phoneme,t
249.830,phoneme,u
249.870,phoneme,a
249.910,phoneme,t
249.990,phoneme,m
250.050,phoneme,a
250.120,phoneme,y
250.230,phoneme,m
250.270,phoneme,a
250.310,phoneme,t
250.390,phoneme,a
250.420,phoneme,y
250.450,phoneme,m
250.630,phoneme,y
250.730,phoneme,a
250.790,phoneme,f
250.840,phoneme,a
250.850,phoneme,t
250.900,phoneme,a
250.945,phoneme,y
251.000,phoneme,m
251.020,phoneme,a
251.030,phoneme,y
251.090,phoneme,t
251.150,phoneme,a
251.185,phoneme,y
251.220,phoneme,m
251.280,phoneme,y
251.310,phoneme,a
251.350,phoneme,y
251.390,phoneme,u
251.450,phoneme,t
251.510,phoneme,a
251.555,phoneme,y
251.600,phoneme,m
251.670,phoneme,t
251.740,phoneme,a
251.790,phoneme,t
251.870,phoneme,a
251.910,phoneme,u
251.940,phoneme,m
252.030,phoneme,a
252.075,phoneme,y
252.120,phoneme,t
252.210,phoneme,a
252.315,phoneme,y
252.420,phoneme,m
253.320,phoneme,t
253.400,phoneme,a
253.430,phoneme,y
253.460,phoneme,a
253.500,phoneme,t
253.620,phoneme,a
253.680,phoneme,y
253.740,phoneme,u
253.850,phoneme,t
253.910,phoneme,a
253.955,phoneme,y
254.000,phoneme,m
254.090,phoneme,a
254.125,phoneme,y
254.160,phoneme,u
254.190,phoneme,a
254.200,phoneme,t
254.270,phoneme,u
254.380,phoneme,t
254.440,phoneme,a
254.480,phoneme,t
254.520,phoneme,a
254.560,phoneme,t
254.650,phoneme,a
254.690,phoneme,t
254.830,phoneme,a
254.885,phoneme,y
254.940,phoneme,m
255.160,phoneme,a
255.205,phoneme,y
255.250,phoneme,t
255.350,phoneme,a
255.460,phoneme,t
255.540,phoneme,u
255.570,phoneme,a
255.630,phoneme,t
255.680,phoneme,a
255.720,phoneme,t
255.840,phoneme,u
255.890,phoneme,a
255.960,phoneme,t
256.030,phoneme,m
256.080,phoneme,a
256.110,phoneme,y
256.140,phoneme,t
256.200,phoneme,a
256.250,phoneme,u
256.400,phoneme,t
256.460,phoneme,a
256.500,phoneme,t
256.560,phoneme,y
256.620,phoneme,a
256.680,phoneme,t
256.810,phoneme,a
256.855,phoneme,y
256.900,phoneme,m
258.260,phoneme,t
258.400,phoneme,a
258.510,phoneme,t
258.860,phoneme,a
258.990,phoneme,t
259.080,phoneme,m
260.300,phoneme,t
260.370,phoneme,a
260.450,phoneme,t
260.590,phoneme,a
260.645,phoneme,y
260.700,phoneme,m
260.780,phoneme,u
260.830,phoneme,a
260.880,phoneme,t
260.950,phoneme,y
261.330,phoneme,a
261.440,phoneme,y
261.580,phoneme,t
261.670,phoneme,a
261.750,phoneme,f
261.840,phoneme,a
261.900,phoneme,t
261.960,phoneme,a
262.030,phoneme,t
262.790,phoneme,a
262.880,phoneme,t
262.940,phoneme,u
262.950,phoneme,a
263.020,phoneme,t
263.080,phoneme,a
263.140,phoneme,m
263.230,phoneme,a
263.320,phoneme,t
263.330,phoneme,a
263.390,phoneme,y
263.430,phoneme,t
263.500,phoneme,a
263.545,phoneme,y
263.590,phoneme,m
264.450,phoneme,a
264.560,phoneme,t
264.660,phoneme,a
264.690,phoneme,m
264.770,phoneme,a
264.795,phoneme,y
264.820,phoneme,t
264.870,phoneme,m
264.900,phoneme,a
264.950,phoneme,t
265.010,phoneme,a
265.110,phoneme,t
265.150,phoneme,a
265.210,phoneme,t
265.870,phoneme,y
265.940,phoneme,a
265.960,phoneme,t
266.000,phoneme,a
266.060,phoneme,y
266.080,phoneme,t
266.150,phoneme,a
266.190,phoneme,t
266.260,phoneme,a
266.300,phoneme,y
266.340,phoneme,t
266.430,phoneme,a
266.510,phoneme,u
266.630,phoneme,t
266.670,phoneme,a
266.720,phoneme,t
266.780,phoneme,a
266.830,phoneme,y
266.880,phoneme,m
266.970,phoneme,a
267.030,phoneme,t
267.320,phoneme,u
267.400,phoneme,a
267.480,phoneme,f
267.580,phoneme,t
267.590,phoneme,a
267.680,phoneme,y
267.800,phoneme,a
267.870,phoneme,u
267.930,phoneme,t
267.990,phoneme,a
268.040,phoneme,t
268.200,phoneme,a
268.250,phoneme,t
268.450,phoneme,a
268.510,phoneme,m
268.570,phoneme,a
268.620,phoneme,y
268.670,phoneme,t
269.680,phoneme,m
269.760,phoneme,a
269.840,phoneme,t
269.850,phoneme,a
269.890,phoneme,y
269.930,phoneme,t
270.010,phoneme,a
270.045,phoneme,y
270.080,phoneme,m
270.150,phoneme,t
270.250,phoneme,a
270.320,phoneme,u
270.470,phoneme,a
270.570,phoneme,t
270.740,phoneme,a
270.870,phoneme,t
270.960,phoneme,y
271.010,phoneme,a
271.040,phoneme,y
271.100,phoneme,a
271.160,phoneme,t
271.230,phoneme,y
271.290,phoneme,a
271.325,phoneme,y
271.400,phoneme,a
271.440,phoneme,u
271.480,phoneme,t
271.580,phoneme,a
271.640,phoneme,m
271.690,phoneme,a
271.730,phoneme,y
271.770,phoneme,t
272.250,phoneme,a
272.320,phoneme,y
272.390,phoneme,t
272.440,phoneme,m
272.480,phoneme,a
272.530,phoneme,t
272.780,phoneme,a
272.840,phoneme,u
272.900,phoneme,y
272.960,phoneme,a
273.070,phoneme,t
273.210,phoneme,a
273.260,phoneme,t
273.430,phoneme,u
273.520,phoneme,a
273.690,phoneme,t
273.770,phoneme,m
273.840,phoneme,a
273.940,phoneme,t
273.950,phoneme,a
274.010,phoneme,y
274.070,phoneme,t
274.150,phoneme,a
274.190,phoneme,t
274.250,phoneme,m
274.330,phoneme,a
274.370,phoneme,y
274.410,phoneme,t
274.470,phoneme,a
274.520,phoneme,t
274.580,phoneme,a
274.630,phoneme,f
274.670,phoneme,m
274.760,phoneme,a
274.795,phoneme,y
274.830,phoneme,m
274.910,phoneme,u
275.080,phoneme,m
275.310,phoneme,a
275.355,phoneme,y
275.400,phoneme,a
275.430,phoneme,y
275.460,phoneme,f
275.500,phoneme,a
275.540,phoneme,t
275.580,phoneme,y
275.590,phoneme,a
275.650,phoneme,f
275.670,phoneme,t
275.700,phoneme,a
275.720,phoneme,m
275.790,phoneme,t
275.950,phoneme,a
276.030,phoneme,t
276.080,phoneme,a
276.110,phoneme,t
276.150,phoneme,m
276.170,phoneme,a
276.225,phoneme,y
276.280,phoneme,u
276.370,phoneme,a
276.500,phoneme,y
276.580,phoneme,t
276.640,phoneme,a
276.720,phoneme,u
276.740,phoneme,a
276.765,phoneme,y
276.790,phoneme,m
276.860,phoneme,a
276.890,phoneme,y
276.920,phoneme,t
276.970,phoneme,m
277.010,phoneme,a
277.050,phoneme,y
277.090,phoneme,a
277.130,phoneme,f
277.160,phoneme,t
277.170,phoneme,a
277.230,phoneme,t
277.290,phoneme,a
277.355,phoneme,y
277.420,phoneme,m
278.390,phoneme,m
278.960,phoneme,t
279.020,phoneme,a
279.140,phoneme,u
279.520,phoneme,a
279.580,phoneme,t
279.620,phoneme,a
279.660,phoneme,t
279.700,phoneme,a
279.760,phoneme,t
279.980,phoneme,a
280.070,phoneme,y
280.160,phoneme,u
280.230,phoneme,y
280.300,phoneme,a
280.330,phoneme,y
280.360,phoneme,t
280.390,phoneme,a
280.450,phoneme,f
280.470,phoneme,u
280.480,phoneme,a
280.490,phoneme,t
280.580,phoneme,m
280.620,phoneme,u
280.660,phoneme,a
280.720,phoneme,m
280.780,phoneme,y
280.840,phoneme,a
280.850,phoneme,m
281.400,phoneme,t
281.490,phoneme,a
281.515,phoneme,y
281.540,phoneme,a
281.590,phoneme,m
281.720,phoneme,a
281.780,phoneme,u
281.840,phoneme,t
281.860,phoneme,a
281.930,phoneme,f
281.990,phoneme,t
282.040,phoneme,a
282.125,phoneme,y
282.210,phoneme,m
282.290,phoneme,t
282.380,phoneme,a
282.410,phoneme,t
282.470,phoneme,a
282.530,phoneme,u
282.570,phoneme,a
282.590,phoneme,t
282.710,phoneme,u
282.790,phoneme,a
282.845,phoneme,y
282.900,phoneme,t
282.960,phoneme,u
283.120,phoneme,a
283.250,phoneme,t
283.380,phoneme,u
283.430,phoneme,t
283.510,phoneme,a
283.590,phoneme,f
283.680,phoneme,y
283.730,phoneme,a
283.860,phoneme,u
284.160,phoneme,a
284.290,phoneme,u
284.370,phoneme,m
284.860,phoneme,a
284.930,phoneme,f
284.990,phoneme,y
285.040,phoneme,u
285.100,phoneme,m
285.160,phoneme,y
285.200,phoneme,a
285.260,phoneme,t
285.380,phoneme,a
285.440,phoneme,u
285.530,phoneme,a
285.580,phoneme,y
285.630,phoneme,f
285.690,phoneme,u
285.740,phoneme,m
285.780,phoneme,u
285.820,phoneme,a
285.880,phoneme,u
285.940,phoneme,a
285.990,phoneme,y
286.040,phoneme,a
286.095,phoneme,y
286.150,phoneme,m
286.220,phoneme,t
286.300,phoneme,u
286.370,phoneme,a
286.420,phoneme,t
286.510,phoneme,u
286.550,phoneme,a
286.610,phoneme,t
286.770,phoneme,a
286.860,phoneme,t
286.950,phoneme,y
286.990,phoneme,a
287.040,phoneme,y
287.090,phoneme,a
287.140,phoneme,t
287.990,phoneme,a
288.060,phoneme,y
288.130,phoneme,m
288.480,phoneme,t
288.530,phoneme,a
288.580,phoneme,m
288.650,phoneme,u
288.760,phoneme,f
288.810,phoneme,m
288.830,phoneme,a
288.860,phoneme,t
289.030,phoneme,a
289.075,phoneme,u
289.120,phoneme,t
289.190,phoneme,m
289.640,phoneme,t
289.720,phoneme,a
289.825,phoneme,y
289.930,phoneme,m
290.000,phoneme,t
290.960,phoneme,t
291.030,phoneme,a
291.090,phoneme,t
291.220,phoneme,a
291.255,phoneme,u
291.290,phoneme,m
291.340,phoneme,a
291.390,phoneme,f
291.440,phoneme,t
291.450,phoneme,a
291.510,phoneme,t
291.620,phoneme,a
291.660,phoneme,y
291.700,phoneme,m
291.770,phoneme,y
291.780,phoneme,a
291.820,phoneme,t
291.850,phoneme,a
291.880,phoneme,m
291.950,phoneme,a
291.980,phoneme,y
292.010,phoneme,t
292.050,phoneme,a
292.130,phoneme,t
292.230,phoneme,a
292.270,phoneme,u
292.310,phoneme,t
292.400,phoneme,m
292.450,phoneme,a
292.520,phoneme,t
292.580,phoneme,a
292.620,phoneme,y
292.660,phoneme,t
292.740,phoneme,a
292.810,phoneme,y
292.880,phoneme,m
292.960,phoneme,t
293.530,phoneme,a
293.610,phoneme,t
293.640,phoneme,u
293.650,phoneme,a
293.700,phoneme,t
293.780,phoneme,u
293.850,phoneme,a
293.910,phoneme,t
294.010,phoneme,a
294.050,phoneme,y
294.100,phoneme,a
294.140,phoneme,y
294.180,phoneme,t
294.190,phoneme,a
294.240,phoneme,m
294.290,phoneme,a
294.310,phoneme,u
294.330,phoneme,t
294.450,phoneme,a
294.500,phoneme,y
294.540,phoneme,a
294.600,phoneme,f
294.690,phoneme,m
295.120,phoneme,a
295.230,phoneme,t
295.240,phoneme,a
295.310,phoneme,y
295.350,phoneme,t
296.120,phoneme,a
296.230,phoneme,t
296.280,phoneme,a
296.330,phoneme,t
296.430,phoneme,a
296.480,phoneme,t
296.530,phoneme,a
296.540,phoneme,m
296.610,phoneme,y
296.650,phoneme,a
296.700,phoneme,f
296.740,phoneme,a
296.800,phoneme,t
296.890,phoneme,m
298.500,phoneme,t
298.570,phoneme,a
298.630,phoneme,t
298.760,phoneme,a
298.805,phoneme,y
298.850,phoneme,m
298.920,phoneme,u
298.950,phoneme,a
298.970,phoneme,t
299.080,phoneme,a
299.120,phoneme,f
299.200,phoneme,u
299.300,phoneme,t
299.440,phoneme,a
299.475,phoneme,y
299.510,phoneme,m
299.590,phoneme,a
299.625,phoneme,y
299.660,phoneme,u
299.690,phoneme,a
299.725,phoneme,y
299.820,phoneme,a
299.850,phoneme,y
299.880,phoneme,t
299.990,phoneme,a
300.060,phoneme,t
300.240,phoneme,a
300.300,phoneme,y
300.360,phoneme,m
300.790,phoneme,a
300.850,phoneme,t
300.870,phoneme,a
300.940,phoneme,f
300.990,phoneme,t
301.060,phoneme,u
301.120,phoneme,m
301.190,phoneme,u
301.240,phoneme,t
301.260,phoneme,a
301.310,phoneme,t
301.490,phoneme,y
301.570,phoneme,a
301.600,phoneme,y
301.630,phoneme,m
301.700,phoneme,u
301.720,phoneme,a
301.780,phoneme,t
301.820,phoneme,a
301.860,phoneme,t
301.970,phoneme,a
302.010,phoneme,y
302.050,phoneme,a
302.100,phoneme,m
302.180,phoneme,t
302.290,phoneme,a
302.360,phoneme,u
302.540,phoneme,a
302.610,phoneme,t
302.670,phoneme,u
302.690,phoneme,a
302.760,phoneme,t
302.950,phoneme,a
303.050,phoneme,t
303.140,phoneme,a
303.190,phoneme,t
304.130,phoneme,a
304.210,phoneme,t
304.260,phoneme,u
304.270,phoneme,a
304.330,phoneme,t
304.390,phoneme,a
304.430,phoneme,y
304.500,phoneme,t
304.560,phoneme,a
304.590,phoneme,u
304.620,phoneme,t
304.660,phoneme,a
304.720,phoneme,f
304.790,phoneme,u
304.880,phoneme,t
305.000,phoneme,a
305.040,phoneme,y
305.080,phoneme,m
305.170,phoneme,a
305.175,phoneme,y
305.190,phoneme,a
305.200,phoneme,t
305.260,phoneme,a
305.330,phoneme,t
305.410,phoneme,u
305.480,phoneme,a
305.530,phoneme,t
305.570,phoneme,a
305.615,phoneme,y
305.670,phoneme,u
305.790,phoneme,a
305.840,phoneme,y
305.960,phoneme,m
307.160,phoneme,a
307.210,phoneme,y
307.340,phoneme,a
307.380,phoneme,t
307.490,phoneme,a
307.510,phoneme,y
307.550,phoneme,a
307.600,phoneme,f
307.670,phoneme,m
307.720,phoneme,a
307.750,phoneme,y
307.780,phoneme,m
307.840,phoneme,a
307.870,phoneme,y
307.950,phoneme,m
308.370,phoneme,t
308.420,phoneme,a
308.460,phoneme,t
308.520,phoneme,a
308.585,phoneme,y
308.650,phoneme,m
309.050,phoneme,a
309.120,phoneme,t
309.190,phoneme,m
309.240,phoneme,a
309.285,phoneme,y
309.330,phoneme,t
309.380,phoneme,a
309.420,phoneme,t
309.500,phoneme,t
309.610,phoneme,a
309.690,phoneme,t
309.710,phoneme,a
309.770,phoneme,t
309.910,phoneme,a
309.990,phoneme,u
310.170,phoneme,a
310.210,phoneme,y
310.250,phoneme,t
310.280,phoneme,a
310.330,phoneme,t
310.450,phoneme,a
310.495,phoneme,u
310.540,phoneme,t
310.580,phoneme,m
310.640,phoneme,u
310.660,phoneme,a
310.750,phoneme,m
310.810,phoneme,y
310.870,phoneme,a
310.890,phoneme,m
310.970,phoneme,t
311.900,phoneme,a
311.960,phoneme,y
312.020,phoneme,u
312.040,phoneme,a
312.110,phoneme,m
312.120,phoneme,a
312.170,phoneme,m
312.260,phoneme,u
312.320,phoneme,y
312.360,phoneme,a
312.410,phoneme,f
312.440,phoneme,a
312.490,phoneme,t
312.570,phoneme,a
312.640,phoneme,m
312.960,phoneme,a
313.050,phoneme,u
313.100,phoneme,t
313.180,phoneme,f
313.270,phoneme,a
313.320,phoneme,y
313.360,phoneme,t
313.440,phoneme,u
313.470,phoneme,a
313.500,phoneme,t
313.560,phoneme,m
313.620,phoneme,a
313.750,phoneme,t
314.370,phoneme,a
314.410,phoneme,y
314.450,phoneme,t
314.510,phoneme,a
314.550,phoneme,y
314.590,phoneme,t
314.610,phoneme,a
314.670,phoneme,t
314.740,phoneme,a
314.790,phoneme,f
314.870,phoneme,a
314.940,phoneme,t
315.570,phoneme,a
315.650,phoneme,t
315.710,phoneme,u
315.720,phoneme,a
315.790,phoneme,t
315.840,phoneme,a
315.900,phoneme,t
316.010,phoneme,a
316.055,phoneme,y
316.100,phoneme,t
316.180,phoneme,m
316.200,phoneme,a
316.280,phoneme,u
316.460,phoneme,m
317.280,phoneme,t
317.430,phoneme,a
317.555,phoneme,u
317.770,phoneme,a
317.825,phoneme,y
317.880,phoneme,u
317.960,phoneme,a
318.020,phoneme,t
318.090,phoneme,m
318.150,phoneme,u
318.200,phoneme,a
318.270,phoneme,t
318.290,phoneme,a
318.320,phoneme,t
318.470,phoneme,a
318.625,phoneme,y
318.780,phoneme,m
319.210,phoneme,m
320.240,phoneme,t
320.300,phoneme,a
320.370,phoneme,t
320.410,phoneme,a
320.440,phoneme,t
320.520,phoneme,a
320.580,phoneme,f
320.670,phoneme,u
320.760,phoneme,t
320.910,phoneme,a
320.960,phoneme,y
321.010,phoneme,m
321.090,phoneme,t
321.120,phoneme,a
321.160,phoneme,t
321.180,phoneme,m
321.270,phoneme,a
321.300,phoneme,y
321.330,phoneme,a
321.350,phoneme,t
321.400,phoneme,m
321.450,phoneme,a
321.485,phoneme,y
321.520,phoneme,t
321.590,phoneme,a
321.680,phoneme,t
321.750,phoneme,u
321.830,phoneme,a
321.880,phoneme,t
322.020,phoneme,y
322.080,phoneme,a
322.110,phoneme,y
322.140,phoneme,u
322.290,phoneme,t
322.330,phoneme,a
322.380,phoneme,t
322.490,phoneme,a
322.530,phoneme,t
322.580,phoneme,a
322.650,phoneme,t
322.710,phoneme,u
322.820,phoneme,a
322.880,phoneme,t
323.390,phoneme,a
323.490,phoneme,t
323.590,phoneme,a
324.370,phoneme,t
324.380,phoneme,u
324.390,phoneme,m
324.670,phoneme,t
324.750,phoneme,a
324.775,phoneme,u
324.800,phoneme,y
324.820,phoneme,t
324.890,phoneme,y
324.920,phoneme,u
324.930,phoneme,a
324.940,phoneme,t
324.950,phoneme,u
324.970,phoneme,t
325.000,phoneme,m
325.060,phoneme,a
325.080,phoneme,y
325.100,phoneme,a
325.140,phoneme,m
325.240,phoneme,a
325.280,phoneme,u
325.310,phoneme,t
325.370,phoneme,a
325.390,phoneme,t
326.330,phoneme,u
326.400,phoneme,a
326.445,phoneme,y
326.490,phoneme,u
326.540,phoneme,m
326.600,phoneme,y
326.660,phoneme,a
326.700,phoneme,t
326.750,phoneme,a
326.800,phoneme,t
326.850,phoneme,a
326.890,phoneme,t
326.980,phoneme,u
327.010,phoneme,a
327.035,phoneme,y
327.130,phoneme,a
327.170,phoneme,y
327.210,phoneme,t
327.280,phoneme,a
327.340,phoneme,t
327.400,phoneme,a
327.470,phoneme,t
327.550,phoneme,a
327.620,phoneme,t
327.840,phoneme,a
327.895,phoneme,y
327.950,phoneme,m
328.170,phoneme,t
328.280,phoneme,a
328.315,phoneme,u
328.350,phoneme,m
328.420,phoneme,y
328.480,phoneme,a
328.505,phoneme,y
328.530,phoneme,t
328.680,phoneme,a
328.715,phoneme,u
328.750,phoneme,m
329.180,phoneme,a
329.190,phoneme,t
329.300,phoneme,a
329.390,phoneme,u
330.200,phoneme,t
330.260,phoneme,a
330.320,phoneme,t
330.440,phoneme,a
330.475,phoneme,y
330.510,phoneme,m
330.550,phoneme,a
330.610,phoneme,t
330.700,phoneme,a
330.710,phoneme,u
330.720,phoneme,a
330.770,phoneme,t
330.800,phoneme,a
330.820,phoneme,m
330.880,phoneme,a
330.885,phoneme,y
331.370,phoneme,t
331.440,phoneme,a
331.490,phoneme,y
331.650,phoneme,a
331.715,phoneme,y
331.780,phoneme,a
331.840,phoneme,t
332.000,phoneme,u
332.060,phoneme,a
332.110,phoneme,y
332.170,phoneme,a
332.230,phoneme,t
332.260,phoneme,a
332.290,phoneme,y
332.320,phoneme,t
332.390,phoneme,a
332.455,phoneme,y
332.520,phoneme,m
332.830,phoneme,a
332.900,phoneme,f
332.970,phoneme,u
333.010,phoneme,m
333.100,phoneme,a
333.145,phoneme,y
333.190,phoneme,t
333.330,phoneme,a
333.390,phoneme,t
333.460,phoneme,u
333.530,phoneme,a
333.540,phoneme,y
333.570,phoneme,a
333.610,phoneme,f
333.690,phoneme,m
333.730,phoneme,a
333.820,phoneme,t
333.880,phoneme,m
333.950,phoneme,y
334.000,phoneme,a
334.080,phoneme,t
334.200,phoneme,f
334.250,phoneme,u
334.960,phoneme,a
334.970,phoneme,t
335.360,phoneme,t
335.440,phoneme,a
335.465,phoneme,u
335.490,phoneme,y
335.580,phoneme,a
335.780,phoneme,m
336.170,phoneme,a
336.250,phoneme,t
336.550,phoneme,t
336.620,phoneme,a
336.660,phoneme,t
336.720,phoneme,a
336.750,phoneme,t
336.820,phoneme,m
336.880,phoneme,a
336.930,phoneme,y
336.980,phoneme,a
337.050,phoneme,t
337.260,phoneme,a
337.335,phoneme,y
337.410,phoneme,u
337.870,phoneme,m
337.890,phoneme,t
337.950,phoneme,u
338.030,phoneme,a
338.110,phoneme,u
338.290,phoneme,a
338.295,phoneme,y
338.820,phoneme,a
338.870,phoneme,u
338.920,phoneme,m
339.000,phoneme,y
339.030,phoneme,u
339.080,phoneme,t
339.120,phoneme,a
339.175,phoneme,y
339.230,phoneme,t
339.290,phoneme,f
339.350,phoneme,a
339.390,phoneme,u
339.430,phoneme,t
339.460,phoneme,a
339.520,phoneme,t
339.560,phoneme,a
339.600,phoneme,t
339.670,phoneme,u
339.710,phoneme,a
339.750,phoneme,t
339.850,phoneme,a
339.900,phoneme,t
340.420,phoneme,a
340.510,phoneme,t
340.620,phoneme,a
340.650,phoneme,y
340.710,phoneme,t
340.820,phoneme,a
340.855,phoneme,y
340.950,phoneme,u
341.260,phoneme,a
341.380,phoneme,t
341.450,phoneme,a
341.500,phoneme,t
341.560,phoneme,a
341.610,phoneme,t
341.920,phoneme,u
341.930,phoneme,a
341.940,phoneme,t
SECTION
0,title,m
